student_id,final_score,task1_score,task1_feedback,task2_score,task2_feedback,task3_score,task3_feedback,task4_score,task4_feedback
2001,65.0,70.0,The validation logic is incomplete; it doesn't handle all invalid cases.,100.0,The implementation correctly simulates the elimination game as per instructions.,0.0,File missing.,90.0,The recursive execution time print statement has a typo in 'Recurise'.
2002,75.0,100.0,The calculator correctly implements validation and evaluation as per the instructions.,100.0,The game simulation correctly implements elimination and identifies the winner as required.,0.0,File missing.,100.0,The Tribonacci sequence is implemented correctly with both recursive and iterative methods.
2003,0.0,0.0,File missing.,0.0,File missing.,0.0,File missing.,0.0,File missing.
2004,0.0,0.0,File missing.,0.0,File missing.,0.0,File missing.,0.0,File missing.
2005,67.5,70.0,"The validation function is mostly correct, but the evaluation logic has issues with parentheses.",100.0,The implementation correctly simulates the elimination game as per the instructions.,0.0,The submission is incomplete and does not implement the required RSA encryption functionality.,100.0,The implementation correctly computes the Tribonacci sequence both recursively and iteratively.
2006,81.25,80.0,"The validation logic is mostly correct, but it lacks handling for unbalanced parentheses.",90.0,"The game logic is correct, but it doesn't handle the case of fewer than two players properly.",70.0,"The program structure is good, but it lacks key generation and decryption functionality.",85.0,"The implementation is mostly correct, but the timing for the recursive function is not displayed."
2007,52.5,70.0,"The validation and evaluation functions are mostly correct, but the input handling is incomplete.",80.0,"The game logic is correct, but error handling for invalid player count is not fully implemented.",0.0,File missing.,60.0,"The iterative function is correct, but the recursive function has an incorrect base case and logic."
2008,85.0,80.0,The code mostly meets requirements but lacks handling for invalid expressions.,100.0,The implementation correctly simulates the game and handles edge cases.,70.0,The program structure is unclear and does not handle decryption correctly.,90.0,The implementation is mostly correct but has a typo in the print statement.
2009,0.0,0.0,File missing.,0.0,File missing.,0.0,File missing.,0.0,File missing.
2010,66.25,100.0,The calculator implementation correctly validates and evaluates expressions as required.,75.0,The game logic is mostly correct but does not handle the winner case properly.,0.0,The code references undefined functions and lacks key functionality for RSA encryption.,90.0,"The Tribonacci functions are correct, but minor issues in timing output format exist."
2011,75.0,80.0,The validation logic is complex but mostly correct; ensure parentheses matching is handled properly.,70.0,"The elimination logic is mostly correct, but the indexing and resetting could lead to errors.",60.0,The program structure is unclear; ensure proper handling of user actions and key generation.,90.0,Both recursive and iterative functions are implemented correctly; minor typo in print statement.
2012,75.0,100.0,The calculator correctly implements validation and evaluation as per the instructions.,100.0,The game simulation correctly implements player elimination and returns the expected results.,0.0,The program lacks proper handling of user actions and does not implement key generation correctly.,100.0,The Tribonacci sequence is implemented correctly with both recursive and iterative methods.
2013,100.0,100.0,The calculator correctly implements validation and evaluation as per the instructions.,100.0,The game simulation correctly implements elimination and identifies the winner as required.,100.0,The RSA encryption program meets all specified requirements and handles user interactions correctly.,100.0,The Tribonacci sequence implementation is complete and accurately measures execution time for both methods.
2014,100.0,100.0,The calculator implementation correctly validates and evaluates expressions as required.,100.0,The game simulation correctly eliminates players and identifies the winner as specified.,100.0,The RSA encryption program meets all requirements for key generation and message handling.,100.0,The Tribonacci sequence functions are implemented correctly with timing as instructed.
2015,75.0,80.0,The calculator works but lacks handling for invalid parentheses in the input.,70.0,The game logic is mostly correct but does not handle edge cases for player elimination.,60.0,"The program structure is unclear, and key generation and message decoding are not implemented.",90.0,"Both recursive and iterative functions are implemented correctly, but there's a typo in the print statement."
CLASS_AVG,61.167,68.667,,72.333,,30.667,,73.0,
